category,subcategory,sub_subcategory
Audio,Earphones,
Audio,Headphones & Headsets,
Audio,Microphones,
Audio,Other Audio Equipment,
Audio,Portable Audio Accessories,
Audio,Portable Music Players,
Audio,"Soundbars, Speakers & Amplifiers",
Audio,Voice Recorders,
Babies & Kids,Babies & Kids Fashion,
Babies & Kids,Baby Monitors,
Babies & Kids,Baby Nursery & Kids Furniture,Bed Guards
Babies & Kids,Baby Nursery & Kids Furniture,Changing Tables & Stations
Babies & Kids,Baby Nursery & Kids Furniture,Children's Beds
Babies & Kids,Baby Nursery & Kids Furniture,Cots & Cribs
Babies & Kids,Baby Nursery & Kids Furniture,Kids Tables & Chairs
Babies & Kids,Baby Nursery & Kids Furniture,Kids Wardrobes & Storage
Babies & Kids,Baby Nursery & Kids Furniture,Nursery Lighting & Decor
Babies & Kids,Baby Nursery & Kids Furniture,Other Kids Furniture
Babies & Kids,Baby Nursery & Kids Furniture,"Safety Gates, Locks & Protectors"
Babies & Kids,Bathing & Changing,Baby Toiletries & Grooming
Babies & Kids,Bathing & Changing,Bathtub & Bath Accessories
Babies & Kids,Bathing & Changing,Changing Mats & Accessories
Babies & Kids,Bathing & Changing,Diapers & Baby Wipes
Babies & Kids,Bathing & Changing,Other Baby Bathing & Changing Needs
Babies & Kids,Bathing & Changing,Toilet Training
Babies & Kids,Going Out,Car Seats
Babies & Kids,Going Out,Carriers & Slings
Babies & Kids,Going Out,Diaper Bags & Wetbags
Babies & Kids,Going Out,Other Babies Going Out Needs
Babies & Kids,Going Out,Strollers
Babies & Kids,Infant Playtime,
Babies & Kids,Maternity Care,
Babies & Kids,Nursing & Feeding,Baby High Chairs
Babies & Kids,Nursing & Feeding,Breastfeeding & Bottle Feeding
Babies & Kids,Nursing & Feeding,Soothers & Pacifiers
Babies & Kids,Nursing & Feeding,Weaning & Toddler Feeding
Beauty & Personal Care,Bath & Body,Bath
Beauty & Personal Care,Bath & Body,Body Care
Beauty & Personal Care,Bath & Body,Hair Removal
Beauty & Personal Care,Ear Care,
Beauty & Personal Care,Face,Face Care
Beauty & Personal Care,Face,Makeup
Beauty & Personal Care,Foot Care,
Beauty & Personal Care,Fragrance & Deodorants,
Beauty & Personal Care,Hair,
Beauty & Personal Care,Hands & Nails,
Beauty & Personal Care,Men's Grooming,
Beauty & Personal Care,Oral Care,
Beauty & Personal Care,Sanitary Hygiene,
Beauty & Personal Care,Sanitizers & Disinfectants,
Beauty & Personal Care,Vision Care,
Business Services,"Admin, Finance, Legal",
Business Services,Design & Marketing,
Business Services,IT & Programming,
Business Services,Industrial Equipment Rental,
Business Services,Others,
Car Parts & Accessories,"Audio, Video, Alarm and other Electronic Accessories",
Car Parts & Accessories,Body Parts and Accessories,
Car Parts & Accessories,"Emblem, Sticker and Decals",
Car Parts & Accessories,Engine and Aircon Parts and Accessories,
Car Parts & Accessories,"Lightings, Horns, and other Electrical Parts and Accessories",
Car Parts & Accessories,Mags and Tires,
Car Parts & Accessories,Maintenance Fluids and Filters,
Car Parts & Accessories,Mufflers and Exhaust Parts and Accessories,
Car Parts & Accessories,Other Automotive Parts and Accessories,
Car Parts & Accessories,"Steering, Brakes, Control Parts and Accessories",
Car Parts & Accessories,Suspension Parts and Accessories,
Car Parts & Accessories,"Upholstery, Seatcovers and Other Interior Parts and Accessories",
Car Services,,
Cars for Sale,New Cars,
Cars for Sale,Used Cars,
Commercial & Industrial,Construction & Building Materials,
Commercial & Industrial,Construction Tools & Equipment,
Commercial & Industrial,Industrial Equipment,
Community,,
Computers & Tech,Desktops,
Computers & Tech,Laptops & Notebooks,
Computers & Tech,Office & Business Technology,
Computers & Tech,Parts & Accessories,Cables & Adaptors
Computers & Tech,Parts & Accessories,Chargers
Computers & Tech,Parts & Accessories,Computer Keyboard
Computers & Tech,Parts & Accessories,Computer Parts
Computers & Tech,Parts & Accessories,Hard Disks & Thumbdrives
Computers & Tech,Parts & Accessories,Laptop Bags & Sleeves
Computers & Tech,Parts & Accessories,Monitor Screens
Computers & Tech,Parts & Accessories,Mouse & Mousepads
Computers & Tech,Parts & Accessories,Networking
Computers & Tech,Parts & Accessories,Other Accessories
Computers & Tech,Parts & Accessories,Software
Computers & Tech,Parts & Accessories,Webcams
Computers & Tech,"Printers, Scanners & Copiers",
Everything Else,Looking For,
Everything Else,Others,
Food & Drinks,Beverages,
Food & Drinks,Chilled & Frozen Food,
Food & Drinks,Fresh Produce,
Food & Drinks,Gift Baskets & Hampers,
Food & Drinks,Homemade Bakes,
Food & Drinks,Local Eats,
Food & Drinks,Other Food & Drinks,
Food & Drinks,Packaged & Instant Food,
Food & Drinks,Rice & Noodles,
Food & Drinks,Spice & Seasoning,
Furniture & Home Living,Bathroom & Kitchen Fixtures,
Furniture & Home Living,Bedding & Towels,
Furniture & Home Living,Cleaning & Homecare Supplies,Cleaning Tools & Supplies
Furniture & Home Living,Cleaning & Homecare Supplies,Detergents
Furniture & Home Living,Cleaning & Homecare Supplies,Ironing Boards
Furniture & Home Living,Cleaning & Homecare Supplies,Pest Control
Furniture & Home Living,Cleaning & Homecare Supplies,Waste Bins & Bags
Furniture & Home Living,Furniture,Bed Frames & Mattresses
Furniture & Home Living,Furniture,Chairs
Furniture & Home Living,Furniture,Other Home Furniture
Furniture & Home Living,Furniture,"Shelves, Cabinets & Racks"
Furniture & Home Living,Furniture,Sofas
Furniture & Home Living,Furniture,TV Consoles
Furniture & Home Living,Furniture,Tables & Sets
Furniture & Home Living,Gardening,Gardening Tools & Ornaments
Furniture & Home Living,Gardening,Grass Mowers & Trimmers
Furniture & Home Living,Gardening,Hose and Watering Devices
Furniture & Home Living,Gardening,Plants & Seeds
Furniture & Home Living,Gardening,Pots & Planters
Furniture & Home Living,Gardening,Soil & Fertilisers
Furniture & Home Living,Home Decor,Artificial Plants & Flowers
Furniture & Home Living,Home Decor,"Carpets, Mats & Flooring"
Furniture & Home Living,Home Decor,Clocks
Furniture & Home Living,Home Decor,Curtains & Blinds
Furniture & Home Living,Home Decor,Cushions & Throws
Furniture & Home Living,Home Decor,Frames & Pictures
Furniture & Home Living,Home Decor,Mirrors
Furniture & Home Living,Home Decor,Other Home Decor
Furniture & Home Living,Home Decor,Vases & Decorative Bowls
Furniture & Home Living,Home Decor,Wall Decor
Furniture & Home Living,Home Fragrance,
Furniture & Home Living,Home Improvement & Organization,Clothes Drying Rack
Furniture & Home Living,Home Improvement & Organization,Home Improvement Tools & Accessories
Furniture & Home Living,Home Improvement & Organization,Hooks & Hangers
Furniture & Home Living,Home Improvement & Organization,Ladders & Steps
Furniture & Home Living,Home Improvement & Organization,Laundry Baskets
Furniture & Home Living,Home Improvement & Organization,Storage Boxes & Baskets
Furniture & Home Living,Kitchenware & Tableware,Bakeware
Furniture & Home Living,Kitchenware & Tableware,Coffee & Tea Tableware
Furniture & Home Living,Kitchenware & Tableware,Cookware & Accessories
Furniture & Home Living,Kitchenware & Tableware,Dinnerware & Cutlery
Furniture & Home Living,Kitchenware & Tableware,Food Organization & Storage
Furniture & Home Living,Kitchenware & Tableware,Knives & Chopping Boards
Furniture & Home Living,Kitchenware & Tableware,Other Kitchenware & Tableware
Furniture & Home Living,Kitchenware & Tableware,Pitchers & Dispensers
Furniture & Home Living,Kitchenware & Tableware,Table Linen & Textiles
Furniture & Home Living,Kitchenware & Tableware,"Towels, Napkins & Holders"
Furniture & Home Living,Kitchenware & Tableware,Water Bottles & Tumblers
Furniture & Home Living,Lighting & Fans,Fans
Furniture & Home Living,Lighting & Fans,Lighting
Furniture & Home Living,Office Furniture & Fixtures,
Furniture & Home Living,Outdoor Furniture,
Furniture & Home Living,Security & Locks,"Locks, Doors & Gates"
Furniture & Home Living,Security & Locks,Other Security Devices
Furniture & Home Living,Security & Locks,Peephole Viewers & Doorbells
Furniture & Home Living,Security & Locks,Safe
Furniture & Home Living,Security & Locks,Security Systems & CCTV Cameras
Health & Nutrition,Assistive & Rehabilatory Aids,Adult Incontinence
Health & Nutrition,Assistive & Rehabilatory Aids,Other Assistive Aids
Health & Nutrition,Assistive & Rehabilatory Aids,Rehabilitative Devices
Health & Nutrition,Assistive & Rehabilatory Aids,Visual & Hearing Aids
Health & Nutrition,Assistive & Rehabilatory Aids,Wheelchairs
Health & Nutrition,"Braces, Support & Protection",
Health & Nutrition,Face Masks & Face Shields,
Health & Nutrition,Family Planning,
Health & Nutrition,Health Monitors & Weighing Scales,
Health & Nutrition,Health Supplements,"Health Food, Drinks & Tonics"
Health & Nutrition,Health Supplements,Sports & Fitness Nutrition
Health & Nutrition,Insect Repellents,
Health & Nutrition,Massage Devices,
Health & Nutrition,Medical Supplies & Tools,
Health & Nutrition,Thermometers,
Hobbies & Toys,Books & Magazines,Assessment Books
Hobbies & Toys,Books & Magazines,Children's Books
Hobbies & Toys,Books & Magazines,Comics & Manga
Hobbies & Toys,Books & Magazines,Fiction & Non-Fiction
Hobbies & Toys,Books & Magazines,Magazines
Hobbies & Toys,Books & Magazines,Religion Books
Hobbies & Toys,Books & Magazines,Textbooks
Hobbies & Toys,Books & Magazines,Travel & Holiday Guides
Hobbies & Toys,Memorabilia & Collectibles,Currency
Hobbies & Toys,Memorabilia & Collectibles,Fan Merchandise
Hobbies & Toys,Memorabilia & Collectibles,J-Pop
Hobbies & Toys,Memorabilia & Collectibles,K-Wave
Hobbies & Toys,Memorabilia & Collectibles,Religious Items
Hobbies & Toys,Memorabilia & Collectibles,Stamps & Prints
Hobbies & Toys,Memorabilia & Collectibles,Vintage Collectibles
Hobbies & Toys,Music & Media,CDs & DVDs
Hobbies & Toys,Music & Media,Music Accessories
Hobbies & Toys,Music & Media,Music Scores
Hobbies & Toys,Music & Media,Musical Instruments
Hobbies & Toys,Music & Media,Vinyls
Hobbies & Toys,Stationary & Craft,Art & Prints
Hobbies & Toys,Stationary & Craft,Craft Supplies & Tools
Hobbies & Toys,Stationary & Craft,Flowers & Bouquets
Hobbies & Toys,Stationary & Craft,Handmade Craft
Hobbies & Toys,Stationary & Craft,Occasions & Party Supplies
Hobbies & Toys,Stationary & Craft,Other Stationery & Craft
Hobbies & Toys,Stationary & Craft,Stationery & School Supplies
Hobbies & Toys,Toys & Games,
Hobbies & Toys,Travel,Luggage
Hobbies & Toys,Travel,Travel Essentials & Accessories
Hobbies & Toys,Travel,Umbrellas
Home Services,Aircon Services,
Home Services,"Electrical, Lighting & Wiring",
Home Services,Home Cleaning,
Home Services,Home Repairs,
Home Services,Movers & Delivery,
Home Services,Others,
Home Services,Plumbing Services,
Home Services,Renovations & Interior Design,
Jobs & Opportunities,"Admin, Legal & Finance",
Jobs & Opportunities,Call Center and BPO (Business Process Outsourcing),
Jobs & Opportunities,Cleaning & Housekeeping,
Jobs & Opportunities,Computer & IT,
Jobs & Opportunities,"Creative, Media & Publishing",
Jobs & Opportunities,Distributors,
Jobs & Opportunities,Domestic Help,
Jobs & Opportunities,Education & Training,
Jobs & Opportunities,Engineering & Technical,
Jobs & Opportunities,Events,
Jobs & Opportunities,Franchisors,
Jobs & Opportunities,Hotels & Restaurants,
Jobs & Opportunities,Internships & Others,
Jobs & Opportunities,Nursing & Healthcare,
Jobs & Opportunities,Others,
Jobs & Opportunities,Production & Factory,
Jobs & Opportunities,"Sales, Retail & Marketing",
Jobs & Opportunities,Security,
Jobs & Opportunities,Transport & Delivery,
Lifestyle Services,Beauty & Health Services,
Lifestyle Services,Caregiving Services,
Lifestyle Services,Electronics & Gadget Repairs,
Lifestyle Services,"Food, Event & Party Services",
Lifestyle Services,Pet Care Services,
Lifestyle Services,Tailoring & Restoration,
Looking For,,
Luxury,Accessories,
Luxury,Apparel,
Luxury,Bags & Wallets,
Luxury,Sneakers & Footwear,
Luxury,Watches,
Men's Fashion,Activewear,
Men's Fashion,Bags,Backpacks
Men's Fashion,Bags,"Belt bags, Clutches and Pouches"
Men's Fashion,Bags,Briefcases
Men's Fashion,Bags,Sling Bags
Men's Fashion,Bottoms,Chinos
Men's Fashion,Bottoms,Jeans
Men's Fashion,Bottoms,Joggers
Men's Fashion,Bottoms,Shorts
Men's Fashion,Bottoms,Sleep and Loungewear
Men's Fashion,Bottoms,Swim Trunks & Board Shorts
Men's Fashion,Bottoms,Trousers
Men's Fashion,Bottoms,Underwear
Men's Fashion,"Coats, Jackets and Outerwear",
Men's Fashion,Footwear,Boots
Men's Fashion,Footwear,Casual Shoes
Men's Fashion,Footwear,Dress Shoes
Men's Fashion,Footwear,Shoe inserts & accessories
Men's Fashion,Footwear,Slippers & Slides
Men's Fashion,Footwear,Sneakers
Men's Fashion,Tops & Sets,Formal Shirts
Men's Fashion,Tops & Sets,Hoodies
Men's Fashion,Tops & Sets,Sets & Coordinates
Men's Fashion,Tops & Sets,Sleep and Loungewear
Men's Fashion,Tops & Sets,Swim Top & Rash Guards
Men's Fashion,Tops & Sets,Tshirts & Polo Shirts
Men's Fashion,Tops & Sets,Vests
Men's Fashion,Watches & Accessories,"Accessory Holder, Box & Organizers"
Men's Fashion,Watches & Accessories,Beanies
Men's Fashion,Watches & Accessories,Belts
Men's Fashion,Watches & Accessories,Caps & Hats
Men's Fashion,Watches & Accessories,Cuff Links
Men's Fashion,Watches & Accessories,Gloves
Men's Fashion,Watches & Accessories,Handkerchief & Pocket Squares
Men's Fashion,Watches & Accessories,Jewelry
Men's Fashion,Watches & Accessories,Scarves
Men's Fashion,Watches & Accessories,Socks
Men's Fashion,Watches & Accessories,Sunglasses & Eyewear
Men's Fashion,Watches & Accessories,Ties
Men's Fashion,Watches & Accessories,Wallets & Card Holders
Men's Fashion,Watches & Accessories,Watches
Mobile Phones & Gadgets,E-Readers,
Mobile Phones & Gadgets,Mobile & Gadget Accessories,Batteries & Power Banks
Mobile Phones & Gadgets,Mobile & Gadget Accessories,Cases & Sleeves
Mobile Phones & Gadgets,Mobile & Gadget Accessories,Chargers & Cables
Mobile Phones & Gadgets,Mobile & Gadget Accessories,Memory & SD Cards
Mobile Phones & Gadgets,Mobile & Gadget Accessories,Mounts & Holders
Mobile Phones & Gadgets,Mobile & Gadget Accessories,Other Mobile & Gadget Accessories
Mobile Phones & Gadgets,Mobile & Gadget Accessories,Sim Cards
Mobile Phones & Gadgets,Mobile Phones,Android Phones
Mobile Phones & Gadgets,Mobile Phones,Early Generation Mobile Phones
Mobile Phones & Gadgets,Mobile Phones,iPhone
Mobile Phones & Gadgets,Other Gadgets,
Mobile Phones & Gadgets,Tablets,Android
Mobile Phones & Gadgets,Tablets,Others
Mobile Phones & Gadgets,Tablets,Windows
Mobile Phones & Gadgets,Tablets,iPad
Mobile Phones & Gadgets,Walkie-Talkie,
Mobile Phones & Gadgets,Wearables & Smart Watches,
Motorbikes,Motorbike Parts & Accessories,Body Parts and Accessories
Motorbikes,Motorbike Parts & Accessories,Electronics & Lights
Motorbikes,Motorbike Parts & Accessories,Helmets and other Riding Gears
Motorbikes,Motorbike Parts & Accessories,Maintenance Fluids and Filters
Motorbikes,Motorbike Parts & Accessories,"Mufflers, Exhaust Parts & Accessories"
Motorbikes,Motorbike Parts & Accessories,Other Motorcycles Parts and Accessories
Motorbikes,Motorbike Parts & Accessories,Suspension Parts & Accessories
Motorbikes,Motorbike Parts & Accessories,Tires & Rims
Motorbikes,Motorbikes for Sale,
Pet Supplies,Health & Grooming,
Pet Supplies,Homes & Other Pet Accessories,
Pet Supplies,Pet Food,
Photography,Cameras,
Photography,Drones,
Photography,Lens & Kits,
Photography,Photography Accessories,Batteries & Chargers
Photography,Photography Accessories,Camera Bags & Carriers
Photography,Photography Accessories,Dry Boxes & Cabinets
Photography,Photography Accessories,Flashes
Photography,Photography Accessories,Gimbals & Stabilizers
Photography,Photography Accessories,Lighting & Studio Equipment
Photography,Photography Accessories,Other Photography Accessories
Photography,Photography Accessories,Tripods & Monopods
Photography,Video Cameras,
Property,For Sale,Apartments & Condos
Property,For Sale,Commercial
Property,For Sale,House & Lot
Property,For Sale,Lot
Property,For Sale,Memorial Lot
Property,For Sale,Townhouse
Property,New Developments,
Property,Rentals,Apartments & Condos
Property,Rentals,Commercial
Property,Rentals,House & Lot
Property,Rentals,Lot
Property,Rentals,Room Rentals
Property,Rentals,Townhouse
Property,Rentals,Vacation Rentals
Special Vehicles,Boats and Aircrafts,
Special Vehicles,Heavy Vehicles,
Special Vehicles,"Heavy Vehicles, Boats and Aircrafts Parts and Accessories",
Sports Equipment,Bicycles & Parts,Bicycles
Sports Equipment,Exercise & Fitness,Cardio & Fitness Machines
Sports Equipment,Exercise & Fitness,Exercise Mats
Sports Equipment,Exercise & Fitness,Toning & Stretching Accessories
Sports Equipment,Exercise & Fitness,Weights & Dumbbells
Sports Equipment,Fishing,
Sports Equipment,Hiking & Camping,
Sports Equipment,Other Sports Equipment and Supplies,
Sports Equipment,Sports & Games,Billiards and Bowling
Sports Equipment,Sports & Games,Combat Sports
Sports Equipment,Sports & Games,Golf
Sports Equipment,Sports & Games,Kites
Sports Equipment,Sports & Games,Racket and Ball Sports
Sports Equipment,Sports & Games,"Skates, Rollerblades & Scooters"
Sports Equipment,Sports & Games,Water Sports
TV & Home Appliances,Air Conditioning and Heating,
TV & Home Appliances,Air Purifiers & Dehumidifiers,
TV & Home Appliances,"Electrical, Adaptors & Sockets",
TV & Home Appliances,Irons & Steamers,
TV & Home Appliances,Kitchen Appliances,"BBQ, Grills & Hotpots"
TV & Home Appliances,Kitchen Appliances,Breadmakers
TV & Home Appliances,Kitchen Appliances,Coffee Machines & Makers
TV & Home Appliances,Kitchen Appliances,Cookers
TV & Home Appliances,Kitchen Appliances,Dishwasher
TV & Home Appliances,Kitchen Appliances,Fryers
TV & Home Appliances,Kitchen Appliances,Hand & Stand Mixers
TV & Home Appliances,Kitchen Appliances,Hobs & Hoods
TV & Home Appliances,Kitchen Appliances,Ice-cream Makers
TV & Home Appliances,Kitchen Appliances,"Juicers, Blenders & Grinders"
TV & Home Appliances,Kitchen Appliances,Kettles & Airpots
TV & Home Appliances,Kitchen Appliances,Other Kitchen Appliances
TV & Home Appliances,Kitchen Appliances,Ovens & Toasters
TV & Home Appliances,Kitchen Appliances,Refrigerators and Freezers
TV & Home Appliances,Kitchen Appliances,Water Purifiers & Dispensers
TV & Home Appliances,Kitchen Appliances,Wine Cellar & Storage
TV & Home Appliances,Other Home Appliances,
TV & Home Appliances,TV & Entertainment,Blu-Ray & Media Players
TV & Home Appliances,TV & Entertainment,Entertainment Systems & Smart Home Devices
TV & Home Appliances,TV & Entertainment,Media Streamers & Hubs
TV & Home Appliances,TV & Entertainment,Projectors
TV & Home Appliances,TV & Entertainment,TV
TV & Home Appliances,TV & Entertainment,TV Parts & Accessories
TV & Home Appliances,Vacuum Cleaner & Housekeeping,
TV & Home Appliances,Washing Machines and Dryers,
TV & Home Appliances,Water Heater & Instant Showers,
Tickets & Vouchers,Event Tickets,
Tickets & Vouchers,Flights & Overseas Attractions,
Tickets & Vouchers,Local Attractions & Transport,
Tickets & Vouchers,Store Credits,
Tickets & Vouchers,Vouchers,
Travel,Car Rentals,
Tuition Services,,
Vehicle Rentals,,
Video Gaming,Gaming Accessories,Cables & Chargers
Video Gaming,Gaming Accessories,Cases & Covers
Video Gaming,Gaming Accessories,Controllers
Video Gaming,Gaming Accessories,Game Gift Cards & Accounts
Video Gaming,Gaming Accessories,In-Game Products
Video Gaming,Gaming Accessories,Interactive Gaming Figures
Video Gaming,Gaming Accessories,Virtual Reality
Video Gaming,Video Game Consoles,Nintendo
Video Gaming,Video Game Consoles,Others
Video Gaming,Video Game Consoles,PlayStation
Video Gaming,Video Game Consoles,Xbox
Video Gaming,Video Games,Nintendo
Video Gaming,Video Games,Others
Video Gaming,Video Games,PlayStation
Video Gaming,Video Games,Xbox
Women's Fashion,Activewear,
Women's Fashion,Bags & Wallets,Backpacks
Women's Fashion,Bags & Wallets,Beach Bags
Women's Fashion,Bags & Wallets,Clutches
Women's Fashion,Bags & Wallets,Cross-body Bags
Women's Fashion,Bags & Wallets,Purses & Pouches
Women's Fashion,Bags & Wallets,Shoulder Bags
Women's Fashion,Bags & Wallets,Tote Bags
Women's Fashion,Bags & Wallets,Wallets & Card holders
Women's Fashion,Bottoms,Jeans
Women's Fashion,Bottoms,Other Bottoms
Women's Fashion,Bottoms,Shorts
Women's Fashion,Bottoms,Skirts
Women's Fashion,"Coats, Jackets and Outerwear",
Women's Fashion,Dresses & Sets,Dresses
Women's Fashion,Dresses & Sets,Evening dresses & gowns
Women's Fashion,Dresses & Sets,Jumpsuits
Women's Fashion,Dresses & Sets,Rompers
Women's Fashion,Dresses & Sets,Sets or Coordinates
Women's Fashion,Dresses & Sets,Traditional & Ethnic wear
Women's Fashion,Footwear,Boots
Women's Fashion,Footwear,Flats & Sandals
Women's Fashion,Footwear,Heels
Women's Fashion,Footwear,Loafers
Women's Fashion,Footwear,Sandals
Women's Fashion,Footwear,Shoe inserts
Women's Fashion,Footwear,Slippers and slides
Women's Fashion,Footwear,Sneakers
Women's Fashion,Footwear,Wedges
Women's Fashion,Jewelry & Organizers,"Accessory Holder, Box & Organizers"
Women's Fashion,Jewelry & Organizers,Anklets
Women's Fashion,Jewelry & Organizers,Body Jewelry
Women's Fashion,Jewelry & Organizers,Bracelets
Women's Fashion,Jewelry & Organizers,Brooches
Women's Fashion,Jewelry & Organizers,Charms
Women's Fashion,Jewelry & Organizers,Earrings
Women's Fashion,Jewelry & Organizers,Necklaces
Women's Fashion,Jewelry & Organizers,Precious Stones
Women's Fashion,Jewelry & Organizers,Rings
Women's Fashion,Maternity wear,
Women's Fashion,Swimwear,Bikinis & Swimsuits
Women's Fashion,Swimwear,Rash guard
Women's Fashion,Tops,Blouses
Women's Fashion,Tops,Longsleeves
Women's Fashion,Tops,Others Tops
Women's Fashion,Tops,Shirts
Women's Fashion,Tops,Sleeveless
Women's Fashion,Undergarments & Loungewear,
Women's Fashion,Watches & Accessories,Belts
Women's Fashion,Watches & Accessories,Gloves
Women's Fashion,Watches & Accessories,Hair Accessories
Women's Fashion,Watches & Accessories,Hats & Beanies
Women's Fashion,Watches & Accessories,Other Accessories
Women's Fashion,Watches & Accessories,Scarves
Women's Fashion,Watches & Accessories,Socks & Tights
Women's Fashion,Watches & Accessories,Sunglasses & Eyewear
Women's Fashion,Watches & Accessories,Watches
